[
  {
    "id": "1",
    "body": "Great post!",
    "user_id": "2",
    "post_id": "1"
  },
  {
    "id": "2",
    "body": "I agree.",
    "user_id": "3",
    "post_id": "1"
  },
  {
    "id": "3",
    "body": "Nice!",
    "user_id": "4",
    "post_id": "2"
  },
  {
    "id": "4",
    "body": "Well said.",
    "user_id": "5",
    "post_id": "2"
  },
  {
    "id": "5",
    "body": "Interesting.",
    "user_id": "1",
    "post_id": "3"
  },
  {
    "id": "6",
    "body": "Thanks for sharing.",
    "user_id": "3",
    "post_id": "3"
  },
  {
    "id": "7",
    "body": "Good job!",
    "user_id": "4",
    "post_id": "4"
  },
  {
    "id": "8",
    "body": "I like this.",
    "user_id": "5",
    "post_id": "4"
  },
  {
    "id": "9",
    "body": "Awesome!",
    "user_id": "1",
    "post_id": "5"
  },
  {
    "id": "10",
    "body": "Keep it up.",
    "user_id": "2",
    "post_id": "5"
  },
  {
    "id": "11",
    "body": "Fantastic.",
    "user_id": "3",
    "post_id": "6"
  },
  {
    "id": "12",
    "body": "Very informative.",
    "user_id": "4",
    "post_id": "6"
  },
  {
    "id": "13",
    "body": "Love it!",
    "user_id": "5",
    "post_id": "7"
  },
  {
    "id": "14",
    "body": "Spot on.",
    "user_id": "1",
    "post_id": "7"
  },
  {
    "id": "15",
    "body": "Excellent.",
    "user_id": "2",
    "post_id": "8"
  },
  {
    "id": "16",
    "body": "Well done.",
    "user_id": "3",
    "post_id": "8"
  },
  {
    "id": "17",
    "body": "Superb.",
    "user_id": "4",
    "post_id": "9"
  },
  {
    "id": "18",
    "body": "Impressive.",
    "user_id": "5",
    "post_id": "9"
  },
  {
    "id": "19",
    "body": "Brilliant.",
    "user_id": "1",
    "post_id": "10"
  },
  {
    "id": "20",
    "body": "Outstanding.",
    "user_id": "2",
    "post_id": "10"
  }
]