{
  "users": [
    {
      "id": "1",
      "name": "Alice",
      "email": "alice@example.com"
    },
    {
      "id": "2",
      "name": "Bob",
      "email": "bob@example.com"
    },
    {
      "id": "3",
      "name": "Charlie",
      "email": "charlie@example.com"
    },
    {
      "id": "4",
      "name": "David",
      "email": "david@example.com"
    },
    {
      "id": "5",
      "name": "Eve",
      "email": "eve@example.com"
    }
  ],
  "posts": [
    {
      "id": "1",
      "title": "Alice's First Post",
      "body": "This is the first post by Alice.",
      "created_at": "2023-01-01T00:00:00Z",
      "user_id": "1"
    },
    {
      "id": "2",
      "title": "Alice's Second Post",
      "body": "This is the second post by Alice.",
      "created_at": "2023-01-02T00:00:00Z",
      "user_id": "1"
    },
    {
      "id": "3",
      "title": "Bob's First Post",
      "body": "This is the first post by Bob.",
      "created_at": "2023-01-03T00:00:00Z",
      "user_id": "2"
    },
    {
      "id": "4",
      "title": "Bob's Second Post",
      "body": "This is the second post by Bob.",
      "created_at": "2023-01-04T00:00:00Z",
      "user_id": "2"
    },
    {
      "id": "5",
      "title": "Charlie's First Post",
      "body": "This is the first post by Charlie.",
      "created_at": "2023-01-05T00:00:00Z",
      "user_id": "3"
    },
    {
      "id": "6",
      "title": "Charlie's Second Post",
      "body": "This is the second post by Charlie.",
      "created_at": "2023-01-06T00:00:00Z",
      "user_id": "3"
    },
    {
      "id": "7",
      "title": "David's First Post",
      "body": "This is the first post by David.",
      "created_at": "2023-01-07T00:00:00Z",
      "user_id": "4"
    },
    {
      "id": "8",
      "title": "David's Second Post",
      "body": "This is the second post by David.",
      "created_at": "2023-01-08T00:00:00Z",
      "user_id": "4"
    },
    {
      "id": "9",
      "title": "Eve's First Post",
      "body": "This is the first post by Eve.",
      "created_at": "2023-01-09T00:00:00Z",
      "user_id": "5"
    },
    {
      "id": "10",
      "title": "Eve's Second Post",
      "body": "This is the second post by Eve.",
      "created_at": "2023-01-10T00:00:00Z",
      "user_id": "5"
    }
  ],
  "comments": [
    {
      "id": "1",
      "body": "Great post!",
      "user_id": "2",
      "post_id": "1"
    },
    {
      "id": "2",
      "body": "I agree.",
      "user_id": "3",
      "post_id": "1"
    },
    {
      "id": "3",
      "body": "Nice!",
      "user_id": "4",
      "post_id": "2"
    },
    {
      "id": "4",
      "body": "Well said.",
      "user_id": "5",
      "post_id": "2"
    },
    {
      "id": "5",
      "body": "Interesting.",
      "user_id": "1",
      "post_id": "3"
    },
    {
      "id": "6",
      "body": "Thanks for sharing.",
      "user_id": "3",
      "post_id": "3"
    },
    {
      "id": "7",
      "body": "Good job!",
      "user_id": "4",
      "post_id": "4"
    },
    {
      "id": "8",
      "body": "I like this.",
      "user_id": "5",
      "post_id": "4"
    },
    {
      "id": "9",
      "body": "Awesome!",
      "user_id": "1",
      "post_id": "5"
    },
    {
      "id": "10",
      "body": "Keep it up.",
      "user_id": "2",
      "post_id": "5"
    },
    {
      "id": "11",
      "body": "Fantastic.",
      "user_id": "3",
      "post_id": "6"
    },
    {
      "id": "12",
      "body": "Very informative.",
      "user_id": "4",
      "post_id": "6"
    },
    {
      "id": "13",
      "body": "Love it!",
      "user_id": "5",
      "post_id": "7"
    },
    {
      "id": "14",
      "body": "Spot on.",
      "user_id": "1",
      "post_id": "7"
    },
    {
      "id": "15",
      "body": "Excellent.",
      "user_id": "2",
      "post_id": "8"
    },
    {
      "id": "16",
      "body": "Well done.",
      "user_id": "3",
      "post_id": "8"
    },
    {
      "id": "17",
      "body": "Superb.",
      "user_id": "4",
      "post_id": "9"
    },
    {
      "id": "18",
      "body": "Impressive.",
      "user_id": "5",
      "post_id": "9"
    },
    {
      "id": "19",
      "body": "Brilliant.",
      "user_id": "1",
      "post_id": "10"
    },
    {
      "id": "20",
      "body": "Outstanding.",
      "user_id": "2",
      "post_id": "10"
    }
  ]
}
